<skeleton name="Cyborg" frameRate="24" version="2.2">
  <armatures>
    <armature name="Cyborg">
      <b name="armInside" parent="chest" x="11.2" y="-27.6" kX="0" kY="0" cX="1" cY="1" pX="0" pY="0" z="0">
        <d name="armInside" isArmature="1"/>
      </b>
      <b name="legL" parent="crotch" x="6" y="0" kX="-35.09" kY="-35.12" cX="1" cY="1" pX="0" pY="0" z="1">
        <d name="CyborgFolder-LeftThigh" pX="14" pY="10"/>
      </b>
      <b name="crusL" parent="legL" x="29" y="36" kX="0.25" kY="0.25" cX="1" cY="1" pX="0" pY="0" z="2">
        <d name="CyborgFolder-Leg" pX="14" pY="12"/>
      </b>
      <b name="body" parent="crotch" x="0" y="0" kX="9.77" kY="9.82" cX="1" cY="1" pX="0" pY="0" z="3">
        <d name="CyborgFolder-Trunk" pX="6" pY="28"/>
      </b>
      <b name="crotch" x="0" y="0" kX="0" kY="0" cX="1" cY="1" pX="0" pY="0" z="4">
        <d name="CyborgFolder-Hip" pX="4" pY="4"/>
      </b>
      <b name="chest" parent="body" x="5.2" y="-26" kX="4.77" kY="4.81" cX="1" cY="1" pX="0" pY="0" z="5">
        <d name="CyborgFolder-Chest" pX="12" pY="14"/>
      </b>
      <b name="head" parent="chest" x="8" y="-38" kX="0" kY="0" cX="1" cY="1" pX="0" pY="0" z="6">
        <d name="CyborgFolder-Head" pX="40" pY="36"/>
      </b>
      <b name="legR" parent="crotch" x="-6" y="0" kX="-7" kY="-7" cX="1" cY="1" pX="0" pY="0" z="7">
        <d name="CyborgFolder-RightThigh" pX="14" pY="10"/>
      </b>
      <b name="crusR" parent="legR" x="-1.9" y="43.7" kX="33" kY="33" cX="1" cY="1" pX="0" pY="0" z="8">
        <d name="CyborgFolder-Leg" pX="14" pY="12"/>
      </b>
      <b name="armOutside" parent="chest" x="-4.8" y="-29.6" kX="0" kY="0" cX="1" cY="1" pX="0" pY="0" z="9">
        <d name="armOutside" isArmature="1"/>
      </b>
    </armature>
    <armature name="armInside">
      <b name="handL" parent="upperarmL" x="47.1" y="24.5" kX="-74.32" kY="-74.36" cX="1" cY="1" pX="0" pY="0" z="0">
        <d name="CyborgFolder-LeftHand" pX="6" pY="0"/>
      </b>
      <b name="forearmL" x="20.6" y="15.7" kX="-69.29" kY="-69.29" cX="1" cY="1" pX="0" pY="0" z="1">
        <d name="CyborgFolder-LeftArm" pX="10" pY="8"/>
      </b>
      <b name="upperarmL" parent="forearmL" x="0" y="0" kX="-54.52" kY="-54.55" cX="1" cY="1" pX="0" pY="0" z="2">
        <d name="CyborgFolder-LeftShoulder" pX="14" pY="10"/>
      </b>
    </armature>
    <armature name="armOutside">
      <b name="weapon" parent="handR" x="26" y="30" kX="0" kY="0" cX="1" cY="1" pX="0" pY="0" z="0">
        <d name="CyborgFolder-weapon1" pX="54" pY="28"/>
        <d name="CyborgFolder-weapon2" pX="40" pY="28"/>
        <d name="CyborgFolder-weapon3" pX="46" pY="0"/>
        <d name="CyborgFolder-weapon4" pX="56" pY="26"/>
      </b>
      <b name="upperarmR" x="0" y="0" kX="30" kY="30" cX="1" cY="1" pX="0" pY="0" z="1">
        <d name="CyborgFolder-RightShoulder" pX="14" pY="10"/>
      </b>
      <b name="handR" parent="forearmR" x="12.6" y="31" kX="-98.77" kY="-98.82" cX="1" cY="1" pX="0" pY="0" z="2">
        <d name="CyborgFolder-RightHand" pX="6" pY="0"/>
      </b>
      <b name="forearmR" parent="upperarmR" x="-14.9" y="24.8" kX="-78.04" kY="-78.09" cX="1" cY="1" pX="0" pY="0" z="3">
        <d name="CyborgFolder-RightArm" pX="10" pY="8"/>
      </b>
    </armature>
  </armatures>
  <animations>
    <animation name="armInside">
      <mov name="weapon1" dr="1" to="6">
        <b name="handL" sc="1" dl="0">
          <f x="47.1" y="24.5" cocos2d_x="48" cocos2d_y="25" kX="-74.32" kY="-74.36" cX="1" cY="1" pX="0" pY="0" z="0" dI="0" dr="1"/>
        </b>
        <b name="forearmL" sc="1" dl="0">
          <f x="20.6" y="15.7" cocos2d_x="21" cocos2d_y="16" kX="-69.29" kY="-69.29" cX="1" cY="1" pX="0" pY="0" z="1" dI="0" dr="1"/>
        </b>
        <b name="upperarmL" sc="1" dl="0">
          <f x="0" y="0" cocos2d_x="0" cocos2d_y="0" kX="-54.52" kY="-54.55" cX="1" cY="1" pX="0" pY="0" z="2" dI="0" dr="1"/>
        </b>
      </mov>
      <mov name="weapon2" dr="1" to="6">
        <b name="handL" sc="1" dl="0">
          <f x="51.4" y="8.5" cocos2d_x="52" cocos2d_y="9" kX="-90.83" kY="-90.86" cX="1" cY="1" pX="0" pY="0" z="0" dI="0" dr="1"/>
        </b>
        <b name="forearmL" sc="1" dl="0">
          <f x="24.6" y="7.7" cocos2d_x="25" cocos2d_y="8" kX="-87.02" kY="-87.02" cX="1" cY="1" pX="0" pY="0" z="1" dI="0" dr="1"/>
        </b>
        <b name="upperarmL" sc="1" dl="0">
          <f x="0" y="0" cocos2d_x="0" cocos2d_y="0" kX="-72.03" kY="-72.07" cX="1" cY="1" pX="0" pY="0" z="2" dI="0" dr="1"/>
        </b>
      </mov>
      <mov name="weapon3" dr="1" to="6">
        <b name="handL" sc="1" dl="0">
          <f x="47.1" y="25.8" cocos2d_x="48" cocos2d_y="26" kX="-66.29" kY="-66.33" cX="1" cY="1" pX="0" pY="0" z="0" dI="0" dr="1"/>
        </b>
        <b name="forearmL" sc="1" dl="0">
          <f x="20.6" y="15.6" cocos2d_x="21" cocos2d_y="16" kX="-65.3" kY="-65.31" cX="1" cY="1" pX="0" pY="0" z="1" dI="0" dr="1"/>
        </b>
        <b name="upperarmL" sc="1" dl="0">
          <f x="0" y="0" cocos2d_x="0" cocos2d_y="0" kX="-52.05" kY="-52.09" cX="1" cY="1" pX="0" pY="0" z="2" dI="0" dr="1"/>
        </b>
      </mov>
      <mov name="weapon4" dr="1" to="6">
        <b name="handL" sc="1" dl="0">
          <f x="54.5" y="-0.1" cocos2d_x="55" cocos2d_y="0" kX="-97.33" kY="-97.37" cX="1" cY="1" pX="0" pY="0" z="0" dI="0" dr="1"/>
        </b>
        <b name="forearmL" sc="1" dl="0">
          <f x="26" y="6.4" cocos2d_x="26" cocos2d_y="7" kX="-101.47" kY="-101.47" cX="1" cY="1" pX="0" pY="0" z="1" dI="0" dr="1"/>
        </b>
        <b name="upperarmL" sc="1" dl="0">
          <f x="0" y="0" cocos2d_x="0" cocos2d_y="0" kX="-74.08" kY="-74.12" cX="1" cY="1" pX="0" pY="0" z="2" dI="0" dr="1"/>
        </b>
      </mov>
    </animation>
    <animation name="armOutside">
      <mov name="weapon1" dr="1" to="6">
        <b name="weapon" sc="1" dl="0">
          <f x="26" y="30" cocos2d_x="26" cocos2d_y="30" kX="0" kY="0" cX="1" cY="1" pX="0" pY="0" z="0" dI="0" dr="1"/>
        </b>
        <b name="upperarmR" sc="1" dl="0">
          <f x="0" y="0" cocos2d_x="0" cocos2d_y="0" kX="30" kY="30" cX="1" cY="1" pX="0" pY="0" z="1" dI="0" dr="1"/>
        </b>
        <b name="handR" sc="1" dl="0">
          <f x="12.6" y="31" cocos2d_x="13" cocos2d_y="31" kX="-98.77" kY="-98.82" cX="1" cY="1" pX="0" pY="0" z="2" dI="0" dr="1"/>
        </b>
        <b name="forearmR" sc="1" dl="0">
          <f x="-14.9" y="24.8" cocos2d_x="-14" cocos2d_y="25" kX="-78.04" kY="-78.09" cX="1" cY="1" pX="0" pY="0" z="3" dI="0" dr="1"/>
        </b>
      </mov>
      <mov name="weapon2" dr="1" to="6">
        <b name="weapon" sc="1" dl="0">
          <f x="45" y="10" cocos2d_x="45" cocos2d_y="10" kX="0" kY="0" cX="1" cY="1" pX="0" pY="0" z="0" dI="1" dr="1"/>
        </b>
        <b name="upperarmR" sc="1" dl="0">
          <f x="0" y="0" cocos2d_x="0" cocos2d_y="0" kX="-25.17" kY="-25.16" cX="1" cY="1" pX="0" pY="0" z="1" dI="0" dr="1"/>
        </b>
        <b name="handR" sc="1" dl="0">
          <f x="34.7" y="17.8" cocos2d_x="35" cocos2d_y="18" kX="-116.25" kY="-116.3" cX="1" cY="1" pX="0" pY="0" z="2" dI="0" dr="1"/>
        </b>
        <b name="forearmR" sc="1" dl="0">
          <f x="10" y="28" cocos2d_x="10" cocos2d_y="28" kX="-113.49" kY="-113.54" cX="1" cY="1" pX="0" pY="0" z="3" dI="0" dr="1"/>
        </b>
      </mov>
      <mov name="weapon3" dr="1" to="6">
        <b name="weapon" sc="1" dl="0">
          <f x="16" y="16" cocos2d_x="16" cocos2d_y="16" kX="0" kY="0" cX="1" cY="1" pX="0" pY="0" z="0" dI="2" dr="1"/>
        </b>
        <b name="upperarmR" sc="1" dl="0">
          <f x="0" y="0" cocos2d_x="0" cocos2d_y="0" kX="43.22" kY="43.23" cX="1" cY="1" pX="0" pY="0" z="1" dI="0" dr="1"/>
        </b>
        <b name="handR" sc="1" dl="0">
          <f x="6.6" y="23" cocos2d_x="7" cocos2d_y="23" kX="-98.77" kY="-98.82" cX="1" cY="1" pX="0" pY="0" z="2" dI="0" dr="1"/>
        </b>
        <b name="forearmR" sc="1" dl="0">
          <f x="-22" y="22" cocos2d_x="-22" cocos2d_y="22" kX="-87.07" kY="-87.11" cX="1" cY="1" pX="0" pY="0" z="3" dI="0" dr="1"/>
        </b>
      </mov>
      <mov name="weapon4" dr="1" to="6">
        <b name="weapon" sc="1" dl="0">
          <f x="25" y="-5" cocos2d_x="25" cocos2d_y="-5" kX="0" kY="0" cX="1" cY="1" pX="0" pY="0" z="0" dI="3" dr="1"/>
        </b>
        <b name="upperarmR" sc="1" dl="0">
          <f x="0" y="0" cocos2d_x="0" cocos2d_y="0" kX="-5.7" kY="-5.69" cX="1" cY="1" pX="0" pY="0" z="1" dI="0" dr="1"/>
        </b>
        <b name="handR" sc="1" dl="0">
          <f x="20.6" y="9" cocos2d_x="21" cocos2d_y="9" kX="-155.48" kY="-155.52" cX="1" cY="1" pX="0" pY="0" z="2" dI="0" dr="1"/>
        </b>
        <b name="forearmR" sc="1" dl="0">
          <f x="4" y="32" cocos2d_x="4" cocos2d_y="32" kX="-140.71" kY="-140.76" cX="1" cY="1" pX="0" pY="0" z="3" dI="0" dr="1"/>
        </b>
      </mov>
    </animation>
    <animation name="Cyborg">
      <mov name="stand" dr="2" to="6" drTW="25" lp="1" twE="2">
        <b name="armInside" sc="1" dl="0">
          <f x="11.2" y="-27.6" cocos2d_x="12" cocos2d_y="-27" kX="0" kY="0" cX="1" cY="1" pX="0" pY="0" z="0" dI="0" dr="1"/>
          <f x="13.2" y="-21.6" cocos2d_x="14" cocos2d_y="-21" kX="0" kY="0" cX="1" cY="1" pX="0" pY="0" z="0" dI="0" dr="1"/>
        </b>
        <b name="legL" sc="1" dl="0">
          <f x="6" y="0" cocos2d_x="6" cocos2d_y="0" kX="-35.09" kY="-35.12" cX="1" cY="1" pX="0" pY="0" z="1" dI="0" dr="1"/>
          <f x="6" y="4" cocos2d_x="6" cocos2d_y="4" kX="-45.25" kY="-45.25" cX="1" cY="1" pX="0" pY="0" z="1" dI="0" dr="1"/>
        </b>
        <b name="crusL" sc="1" dl="0">
          <f x="29" y="36" cocos2d_x="29" cocos2d_y="36" kX="0.25" kY="0.25" cX="1" cY="1" pX="0" pY="0" z="2" dI="0" dr="1"/>
          <f x="35" y="35.2" cocos2d_x="35" cocos2d_y="36" kX="4.29" kY="4.29" cX="1" cY="1" pX="0" pY="0" z="2" dI="0" dr="1"/>
        </b>
        <b name="body" sc="1" dl="0.05">
          <f x="0" y="0" cocos2d_x="0" cocos2d_y="0" kX="9.77" kY="9.82" cX="1" cY="1" pX="0" pY="0" z="3" dI="0" dr="1"/>
          <f x="0" y="4" cocos2d_x="0" cocos2d_y="4" kX="16" kY="16" cX="1" cY="1" pX="0" pY="0" z="3" dI="0" dr="1"/>
        </b>
        <b name="crotch" sc="1" dl="0">
          <f x="0" y="0" cocos2d_x="0" cocos2d_y="0" kX="0" kY="0" cX="1" cY="1" pX="0" pY="0" z="4" dI="0" dr="1"/>
          <f x="0" y="4" cocos2d_x="0" cocos2d_y="4" kX="0" kY="0" cX="1" cY="1" pX="0" pY="0" z="4" dI="0" dr="1"/>
        </b>
        <b name="chest" sc="1" dl="0.1">
          <f x="5.2" y="-26" cocos2d_x="6" cocos2d_y="-26" kX="4.77" kY="4.81" cX="1" cY="1" pX="0" pY="0" z="5" dI="0" dr="1"/>
          <f x="7.2" y="-22" cocos2d_x="8" cocos2d_y="-22" kX="6" kY="6" cX="1" cY="1" pX="0" pY="0" z="5" dI="0" dr="1"/>
        </b>
        <b name="head" sc="1" dl="0.2">
          <f x="8" y="-38" cocos2d_x="8" cocos2d_y="-38" kX="0" kY="0" cX="1" cY="1" pX="0" pY="0" z="6" dI="0" dr="1"/>
          <f x="10" y="-34" cocos2d_x="10" cocos2d_y="-34" kX="0" kY="0" cX="1" cY="1" pX="0" pY="0" z="6" dI="0" dr="1"/>
        </b>
        <b name="legR" sc="1" dl="0">
          <f x="-6" y="0" cocos2d_x="-6" cocos2d_y="0" kX="-7" kY="-7" cX="1" cY="1" pX="0" pY="0" z="7" dI="0" dr="1"/>
          <f x="-6" y="4" cocos2d_x="-6" cocos2d_y="4" kX="-12" kY="-12" cX="1" cY="1" pX="0" pY="0" z="7" dI="0" dr="1"/>
        </b>
        <b name="crusR" sc="1" dl="0">
          <f x="-1.9" y="43.7" cocos2d_x="-1" cocos2d_y="44" kX="33" kY="33" cX="1" cY="1" pX="0" pY="0" z="8" dI="0" dr="1"/>
          <f x="2.1" y="45.7" cocos2d_x="3" cocos2d_y="46" kX="36" kY="36" cX="1" cY="1" pX="0" pY="0" z="8" dI="0" dr="1"/>
        </b>
        <b name="armOutside" sc="1" dl="0">
          <f x="-4.8" y="-29.6" cocos2d_x="-4" cocos2d_y="-29" kX="0" kY="0" cX="1" cY="1" pX="0" pY="0" z="9" dI="0" dr="1"/>
          <f x="-2.8" y="-23.6" cocos2d_x="-2" cocos2d_y="-23" kX="0" kY="0" cX="1" cY="1" pX="0" pY="0" z="9" dI="0" dr="1"/>
        </b>
      </mov>
      <mov name="run" dr="2" to="6" drTW="24" lp="1" twE="2">
        <b name="armInside" sc="1" dl="0">
          <f x="11.2" y="-43.6" cocos2d_x="12" cocos2d_y="-43" kX="0" kY="0" cX="1" cY="1" pX="0" pY="0" z="0" dI="0" dr="1"/>
          <f x="7.2" y="-23.6" cocos2d_x="8" cocos2d_y="-23" kX="0" kY="0" cX="1" cY="1" pX="0" pY="0" z="0" dI="0" dr="1"/>
        </b>
        <b name="legL" sc="1" dl="0">
          <f x="-4" y="-8" cocos2d_x="-4" cocos2d_y="-8" kX="35" kY="35" cX="1" cY="1" pX="0" pY="0" z="1" dI="0" dr="1"/>
          <f x="4" y="8" cocos2d_x="4" cocos2d_y="8" kX="-70" kY="-70" cX="1" cY="1" pX="0" pY="0" z="1" dI="0" dr="1"/>
        </b>
        <b name="crusL" sc="1" dl="-0.15">
          <f x="-32.7" y="33.1" cocos2d_x="-32" cocos2d_y="34" kX="50" kY="50" cX="1" cY="1" pX="0" pY="0" z="2" dI="0" dr="1"/>
          <f x="51.1" y="25.1" cocos2d_x="52" cocos2d_y="26" kX="25" kY="25" cX="1" cY="1" pX="0" pY="0" z="2" dI="0" dr="1"/>
        </b>
        <b name="body" sc="0.5" dl="0">
          <f x="0" y="-10" cocos2d_x="0" cocos2d_y="-10" kX="10" kY="10" cX="1" cY="1" pX="0" pY="0" z="3" dI="0" dr="1"/>
          <f x="0" y="10" cocos2d_x="0" cocos2d_y="10" kX="12" kY="12" cX="1" cY="1" pX="0" pY="0" z="3" dI="0" dr="1"/>
        </b>
        <b name="crotch" sc="0.5" dl="0">
          <f x="0" y="-10" cocos2d_x="0" cocos2d_y="-10" kX="0" kY="0" cX="1" cY="1" pX="0" pY="0" z="4" dI="0" dr="1"/>
          <f x="0" y="10" cocos2d_x="0" cocos2d_y="10" kX="0" kY="0" cX="1" cY="1" pX="0" pY="0" z="4" dI="0" dr="1"/>
        </b>
        <b name="chest" sc="0.5" dl="0">
          <f x="5.3" y="-39.5" cocos2d_x="6" cocos2d_y="-39" kX="5" kY="5" cX="1" cY="1" pX="0" pY="0" z="5" dI="0" dr="1"/>
          <f x="7.7" y="-19" cocos2d_x="8" cocos2d_y="-19" kX="6" kY="6" cX="1" cY="1" pX="0" pY="0" z="5" dI="0" dr="1"/>
        </b>
        <b name="head" sc="0.5" dl="0">
          <f x="8" y="-50" cocos2d_x="8" cocos2d_y="-50" kX="0" kY="0" cX="1" cY="1" pX="0" pY="0" z="6" dI="0" dr="1"/>
          <f x="10" y="-30" cocos2d_x="10" cocos2d_y="-30" kX="0" kY="0" cX="1" cY="1" pX="0" pY="0" z="6" dI="0" dr="1"/>
        </b>
        <b name="legR" sc="1" dl="0">
          <f x="4" y="-12" cocos2d_x="4" cocos2d_y="-12" kX="-70" kY="-70" cX="1" cY="1" pX="0" pY="0" z="7" dI="0" dr="1"/>
          <f x="-4" y="12" cocos2d_x="-4" cocos2d_y="12" kX="35" kY="35" cX="1" cY="1" pX="0" pY="0" z="7" dI="0" dr="1"/>
        </b>
        <b name="crusR" sc="1" dl="-0.15">
          <f x="51.1" y="5.1" cocos2d_x="52" cocos2d_y="6" kX="25" kY="25" cX="1" cY="1" pX="0" pY="0" z="8" dI="0" dr="1"/>
          <f x="-32.7" y="53.1" cocos2d_x="-32" cocos2d_y="54" kX="50" kY="50" cX="1" cY="1" pX="0" pY="0" z="8" dI="0" dr="1"/>
        </b>
        <b name="armOutside" sc="1" dl="0">
          <f x="-4.8" y="-45.6" cocos2d_x="-4" cocos2d_y="-45" kX="0" kY="0" cX="1" cY="1" pX="0" pY="0" z="9" dI="0" dr="1"/>
          <f x="11.2" y="-25.6" cocos2d_x="12" cocos2d_y="-25" kX="0" kY="0" cX="1" cY="1" pX="0" pY="0" z="9" dI="0" dr="1"/>
        </b>
      </mov>
      <mov name="runBack" dr="2" to="4" drTW="30" lp="1" twE="2">
        <b name="armInside" sc="1" dl="0">
          <f x="-4.8" y="-43.6" cocos2d_x="-4" cocos2d_y="-43" kX="0" kY="0" cX="1" cY="1" pX="0" pY="0" z="0" dI="0" dr="1"/>
          <f x="-4.8" y="-35.6" cocos2d_x="-4" cocos2d_y="-35" kX="0" kY="0" cX="1" cY="1" pX="0" pY="0" z="0" dI="0" dr="1"/>
        </b>
        <b name="legL" sc="1" dl="0">
          <f x="6" y="-12" cocos2d_x="6" cocos2d_y="-12" kX="-45" kY="-45" cX="1" cY="1" pX="0" pY="0" z="1" dI="0" dr="1"/>
          <f x="-5.9" y="0" cocos2d_x="-5" cocos2d_y="0" kX="15" kY="15" cX="1" cY="1" pX="0" pY="0" z="1" dI="0" dr="1"/>
        </b>
        <b name="crusL" sc="1" dl="-0.85">
          <f x="35.8" y="18.6" cocos2d_x="36" cocos2d_y="19" kX="45" kY="45" cX="1" cY="1" pX="0" pY="0" z="2" dI="0" dr="1"/>
          <f x="-16.6" y="43.1" cocos2d_x="-16" cocos2d_y="44" kX="9" kY="9" cX="1" cY="1" pX="0" pY="0" z="2" dI="0" dr="1"/>
        </b>
        <b name="body" sc="0.5" dl="0">
          <f x="0" y="-10" cocos2d_x="0" cocos2d_y="-10" kX="-6" kY="-6" cX="1" cY="1" pX="0" pY="0" z="3" dI="0" dr="1"/>
          <f x="0" y="-2" cocos2d_x="0" cocos2d_y="-2" kX="-6" kY="-6" cX="1" cY="1" pX="0" pY="0" z="3" dI="0" dr="1"/>
        </b>
        <b name="crotch" sc="0.5" dl="0.5">
          <f x="0" y="-10" cocos2d_x="0" cocos2d_y="-10" kX="0" kY="0" cX="1" cY="1" pX="0" pY="0" z="4" dI="0" dr="1"/>
          <f x="0" y="-2" cocos2d_x="0" cocos2d_y="-2" kX="0" kY="0" cX="1" cY="1" pX="0" pY="0" z="4" dI="0" dr="1"/>
        </b>
        <b name="chest" sc="0.5" dl="0">
          <f x="-4.3" y="-37" cocos2d_x="-4" cocos2d_y="-37" kX="-3" kY="-3" cX="1" cY="1" pX="0" pY="0" z="5" dI="0" dr="1"/>
          <f x="-4.3" y="-29" cocos2d_x="-4" cocos2d_y="-29" kX="-3" kY="-3" cX="1" cY="1" pX="0" pY="0" z="5" dI="0" dr="1"/>
        </b>
        <b name="head" sc="0.5" dl="0">
          <f x="-6" y="-50" cocos2d_x="-6" cocos2d_y="-50" kX="0" kY="0" cX="1" cY="1" pX="0" pY="0" z="6" dI="0" dr="1"/>
          <f x="-6" y="-42" cocos2d_x="-6" cocos2d_y="-42" kX="0" kY="0" cX="1" cY="1" pX="0" pY="0" z="6" dI="0" dr="1"/>
        </b>
        <b name="legR" sc="1" dl="0">
          <f x="-6" y="-8" cocos2d_x="-6" cocos2d_y="-8" kX="15" kY="15" cX="1" cY="1" pX="0" pY="0" z="7" dI="0" dr="1"/>
          <f x="6" y="-3.9" cocos2d_x="6" cocos2d_y="-3" kX="-45" kY="-45" cX="1" cY="1" pX="0" pY="0" z="7" dI="0" dr="1"/>
        </b>
        <b name="crusR" sc="1" dl="-0.85">
          <f x="-16.7" y="35.1" cocos2d_x="-16" cocos2d_y="36" kX="9" kY="9" cX="1" cY="1" pX="0" pY="0" z="8" dI="0" dr="1"/>
          <f x="35.8" y="26.6" cocos2d_x="36" cocos2d_y="27" kX="45" kY="45" cX="1" cY="1" pX="0" pY="0" z="8" dI="0" dr="1"/>
        </b>
        <b name="armOutside" sc="1" dl="0">
          <f x="-6.8" y="-41.6" cocos2d_x="-6" cocos2d_y="-41" kX="0" kY="0" cX="1" cY="1" pX="0" pY="0" z="9" dI="0" dr="1"/>
          <f x="-8.8" y="-35.6" cocos2d_x="-8" cocos2d_y="-35" kX="0" kY="0" cX="1" cY="1" pX="0" pY="0" z="9" dI="0" dr="1"/>
        </b>
      </mov>
      <mov name="squat" dr="1" to="6">
        <b name="armInside" sc="1" dl="0">
          <f x="11.2" y="32.4" cocos2d_x="12" cocos2d_y="33" kX="0" kY="0" cX="1" cY="1" pX="0" pY="0" z="0" dI="0" dr="1"/>
        </b>
        <b name="legL" sc="1" dl="0">
          <f x="4" y="62" cocos2d_x="4" cocos2d_y="62" kX="-120" kY="-120" cX="1" cY="1" pX="0" pY="0" z="1" dI="0" dr="1"/>
        </b>
        <b name="crusL" sc="1" dl="0">
          <f x="42.2" y="42.4" cocos2d_x="43" cocos2d_y="43" kX="-13.5" kY="-13.5" cX="1" cY="1" pX="0" pY="0" z="2" dI="0" dr="1"/>
        </b>
        <b name="body" sc="1" dl="0">
          <f x="0" y="64" cocos2d_x="0" cocos2d_y="64" kX="9" kY="9" cX="1" cY="1" pX="0" pY="0" z="3" dI="0" dr="1"/>
        </b>
        <b name="crotch" sc="1" dl="0">
          <f x="0" y="64" cocos2d_x="0" cocos2d_y="64" kX="0" kY="0" cX="1" cY="1" pX="0" pY="0" z="4" dI="0" dr="1"/>
        </b>
        <b name="chest" sc="1" dl="0">
          <f x="3.2" y="36" cocos2d_x="4" cocos2d_y="36" kX="6" kY="6" cX="1" cY="1" pX="0" pY="0" z="5" dI="0" dr="1"/>
        </b>
        <b name="head" sc="1" dl="0">
          <f x="8" y="26" cocos2d_x="8" cocos2d_y="26" kX="0" kY="0" cX="1" cY="1" pX="0" pY="0" z="6" dI="0" dr="1"/>
        </b>
        <b name="legR" sc="1" dl="0">
          <f x="-4" y="62" cocos2d_x="-4" cocos2d_y="62" kX="-30" kY="-30" cX="1" cY="1" pX="0" pY="0" z="7" dI="0" dr="1"/>
        </b>
        <b name="crusR" sc="1" dl="0">
          <f x="15.7" y="98.9" cocos2d_x="16" cocos2d_y="99" kX="89.99" kY="89.99" cX="1" cY="1" pX="0" pY="0" z="8" dI="0" dr="1"/>
        </b>
        <b name="armOutside" sc="1" dl="0">
          <f x="-4.8" y="30.4" cocos2d_x="-4" cocos2d_y="31" kX="0" kY="0" cX="1" cY="1" pX="0" pY="0" z="9" dI="0" dr="1"/>
        </b>
      </mov>
      <mov name="jump" dr="1" to="6">
        <b name="armInside" sc="1" dl="0">
          <f x="15.2" y="-31.6" cocos2d_x="16" cocos2d_y="-31" kX="0" kY="0" cX="1" cY="1" pX="0" pY="0" z="0" dI="0" dr="1"/>
        </b>
        <b name="legL" sc="1" dl="0">
          <f x="-4" y="2" cocos2d_x="-4" cocos2d_y="2" kX="30" kY="30" cX="1" cY="1" pX="0" pY="0" z="1" dI="0" dr="1"/>
        </b>
        <b name="crusL" sc="1" dl="0">
          <f x="-25.8" y="40.4" cocos2d_x="-25" cocos2d_y="41" kX="30" kY="30" cX="1" cY="1" pX="0" pY="0" z="2" dI="0" dr="1"/>
        </b>
        <b name="body" sc="1" dl="0">
          <f x="0" y="0" cocos2d_x="0" cocos2d_y="0" kX="15" kY="15" cX="1" cY="1" pX="0" pY="0" z="3" dI="0" dr="1"/>
        </b>
        <b name="crotch" sc="1" dl="0">
          <f x="0" y="0" cocos2d_x="0" cocos2d_y="0" kX="0" kY="0" cX="1" cY="1" pX="0" pY="0" z="4" dI="0" dr="1"/>
        </b>
        <b name="chest" sc="1" dl="0">
          <f x="7.2" y="-28" cocos2d_x="8" cocos2d_y="-28" kX="10" kY="10" cX="1" cY="1" pX="0" pY="0" z="5" dI="0" dr="1"/>
        </b>
        <b name="head" sc="1" dl="0">
          <f x="10" y="-40" cocos2d_x="10" cocos2d_y="-40" kX="0" kY="0" cX="1" cY="1" pX="0" pY="0" z="6" dI="0" dr="1"/>
        </b>
        <b name="legR" sc="1" dl="0">
          <f x="4" y="-2" cocos2d_x="4" cocos2d_y="-2" kX="-60" kY="-60" cX="1" cY="1" pX="0" pY="0" z="7" dI="0" dr="1"/>
        </b>
        <b name="crusR" sc="1" dl="0">
          <f x="41.7" y="20.9" cocos2d_x="42" cocos2d_y="21" kX="60" kY="60" cX="1" cY="1" pX="0" pY="0" z="8" dI="0" dr="1"/>
        </b>
        <b name="armOutside" sc="1" dl="0">
          <f x="-0.8" y="-33.6" cocos2d_x="0" cocos2d_y="-33" kX="0" kY="0" cX="1" cY="1" pX="0" pY="0" z="9" dI="0" dr="1"/>
        </b>
      </mov>
      <mov name="fall" dr="1" to="6">
        <b name="armInside" sc="1" dl="0">
          <f x="-2.8" y="-29.6" cocos2d_x="-2" cocos2d_y="-29" kX="0" kY="0" cX="1" cY="1" pX="0" pY="0" z="0" dI="0" dr="1"/>
        </b>
        <b name="legL" sc="1" dl="0">
          <f x="4" y="0" cocos2d_x="4" cocos2d_y="0" kX="-55" kY="-55" cX="1" cY="1" pX="0" pY="0" z="1" dI="0" dr="1"/>
        </b>
        <b name="crusL" sc="1" dl="0">
          <f x="40.2" y="26.4" cocos2d_x="41" cocos2d_y="27" kX="36" kY="36" cX="1" cY="1" pX="0" pY="0" z="2" dI="0" dr="1"/>
        </b>
        <b name="body" sc="1" dl="0">
          <f x="0" y="0" cocos2d_x="0" cocos2d_y="0" kX="-9" kY="-9" cX="1" cY="1" pX="0" pY="0" z="3" dI="0" dr="1"/>
        </b>
        <b name="crotch" sc="1" dl="0">
          <f x="0" y="0" cocos2d_x="0" cocos2d_y="0" kX="0" kY="0" cX="1" cY="1" pX="0" pY="0" z="4" dI="0" dr="1"/>
        </b>
        <b name="chest" sc="1" dl="0">
          <f x="-6.8" y="-28" cocos2d_x="-6" cocos2d_y="-28" kX="-6" kY="-6" cX="1" cY="1" pX="0" pY="0" z="5" dI="0" dr="1"/>
        </b>
        <b name="head" sc="1" dl="0">
          <f x="-10" y="-40" cocos2d_x="-10" cocos2d_y="-40" kX="0" kY="0" cX="1" cY="1" pX="0" pY="0" z="6" dI="0" dr="1"/>
        </b>
        <b name="legR" sc="1" dl="0">
          <f x="-4" y="0" cocos2d_x="-4" cocos2d_y="0" kX="-15" kY="-15" cX="1" cY="1" pX="0" pY="0" z="7" dI="0" dr="1"/>
        </b>
        <b name="crusR" sc="1" dl="0">
          <f x="7.7" y="42.9" cocos2d_x="8" cocos2d_y="43" kX="-15" kY="-15" cX="1" cY="1" pX="0" pY="0" z="8" dI="0" dr="1"/>
        </b>
        <b name="armOutside" sc="1" dl="0">
          <f x="-18.8" y="-31.6" cocos2d_x="-18" cocos2d_y="-31" kX="0" kY="0" cX="1" cY="1" pX="0" pY="0" z="9" dI="0" dr="1"/>
        </b>
      </mov>
      <mov name="fallEnd" dr="4" to="4" drTW="4" lp="0" twE="NaN">
        <b name="armInside" sc="1" dl="0">
          <f x="19.2" y="-9.6" cocos2d_x="20" cocos2d_y="-9" kX="0" kY="0" cX="1" cY="1" pX="0" pY="0" z="0" dI="0" dr="4"/>
        </b>
        <b name="legL" sc="1" dl="0">
          <f x="8" y="14" cocos2d_x="8" cocos2d_y="14" kX="-60" kY="-60" cX="1" cY="1" pX="0" pY="0" z="1" dI="0" dr="4"/>
        </b>
        <b name="crusL" sc="1" dl="0">
          <f x="45" y="36" cocos2d_x="45" cocos2d_y="36" kX="0" kY="0" cX="1" cY="1" pX="0" pY="0" z="2" dI="0" dr="4"/>
        </b>
        <b name="body" sc="1" dl="0">
          <f x="0" y="14" cocos2d_x="0" cocos2d_y="14" kX="23.52" kY="23.57" cX="1" cY="1" pX="0" pY="0" z="3" dI="0" dr="4"/>
        </b>
        <b name="crotch" sc="1" dl="0">
          <f x="0" y="14" cocos2d_x="0" cocos2d_y="14" kX="0" kY="0" cX="1" cY="1" pX="0" pY="0" z="4" dI="0" dr="4"/>
        </b>
        <b name="chest" sc="1" dl="0">
          <f x="13.2" y="-8" cocos2d_x="14" cocos2d_y="-8" kX="4.77" kY="4.81" cX="1" cY="1" pX="0" pY="0" z="5" dI="0" dr="4"/>
        </b>
        <b name="head" sc="1" dl="0">
          <f x="16" y="-20" cocos2d_x="16" cocos2d_y="-20" kX="0" kY="0" cX="1" cY="1" pX="0" pY="0" z="6" dI="0" dr="4"/>
        </b>
        <b name="legR" sc="1" dl="0">
          <f x="-8" y="14" cocos2d_x="-8" cocos2d_y="14" kX="-30" kY="-30" cX="1" cY="1" pX="0" pY="0" z="7" dI="0" dr="4"/>
        </b>
        <b name="crusR" sc="1" dl="0">
          <f x="12" y="52" cocos2d_x="12" cocos2d_y="52" kX="45" kY="45" cX="1" cY="1" pX="0" pY="0" z="8" dI="0" dr="4"/>
        </b>
        <b name="armOutside" sc="1" dl="0">
          <f x="3.2" y="-11.6" cocos2d_x="4" cocos2d_y="-11" kX="0" kY="0" cX="1" cY="1" pX="0" pY="0" z="9" dI="0" dr="4"/>
        </b>
        <f st="0" dr="3"/>
        <f st="3" dr="1" mov="stand"/>
      </mov>
    </animation>
  </animations>
  <TextureAtlas name="Cyborg" width="256" height="256">
    <SubTexture name="CyborgFolder-RightArm" width="20" height="38" cocos2d_pX="10" cocos2d_pY="8" x="234" y="40"/>
    <SubTexture name="CyborgFolder-RightHand" width="14" height="18" cocos2d_pX="6" cocos2d_pY="0" x="186" y="48"/>
    <SubTexture name="CyborgFolder-RightShoulder" width="28" height="38" cocos2d_pX="14" cocos2d_pY="10" x="202" y="144"/>
    <SubTexture name="CyborgFolder-weapon4" width="202" height="46" cocos2d_pX="56" cocos2d_pY="26" x="0" y="0"/>
    <SubTexture name="CyborgFolder-weapon3" width="184" height="44" cocos2d_pX="46" cocos2d_pY="0" x="0" y="48"/>
    <SubTexture name="CyborgFolder-weapon2" width="182" height="40" cocos2d_pX="40" cocos2d_pY="28" x="0" y="94"/>
    <SubTexture name="CyborgFolder-weapon1" width="140" height="32" cocos2d_pX="54" cocos2d_pY="28" x="0" y="136"/>
    <SubTexture name="CyborgFolder-LeftShoulder" width="28" height="38" cocos2d_pX="14" cocos2d_pY="10" x="172" y="136"/>
    <SubTexture name="CyborgFolder-LeftArm" width="20" height="38" cocos2d_pX="10" cocos2d_pY="8" x="234" y="0"/>
    <SubTexture name="CyborgFolder-LeftHand" width="14" height="18" cocos2d_pX="6" cocos2d_pY="0" x="186" y="68"/>
    <SubTexture name="CyborgFolder-RightThigh" width="28" height="56" cocos2d_pX="14" cocos2d_pY="10" x="142" y="136"/>
    <SubTexture name="CyborgFolder-Head" width="64" height="36" cocos2d_pX="40" cocos2d_pY="36" x="0" y="170"/>
    <SubTexture name="CyborgFolder-Chest" width="36" height="18" cocos2d_pX="12" cocos2d_pY="14" x="66" y="170"/>
    <SubTexture name="CyborgFolder-Hip" width="8" height="8" cocos2d_pX="4" cocos2d_pY="4" x="186" y="88"/>
    <SubTexture name="CyborgFolder-Trunk" width="20" height="32" cocos2d_pX="6" cocos2d_pY="28" x="234" y="80"/>
    <SubTexture name="CyborgFolder-Leg" width="28" height="84" cocos2d_pX="14" cocos2d_pY="12" x="204" y="0"/>
    <SubTexture name="CyborgFolder-LeftThigh" width="28" height="56" cocos2d_pX="14" cocos2d_pY="10" x="202" y="86"/>
  </TextureAtlas>
</skeleton>